{
    "co3d": 0.13312496111850977,
    "imgnet": 0.041718807705169114
}